"Task ID","Task Name","Status","% Complete","Notes / Blockers"
"B4-T001","Create KT_Document_Request__c Object","Completed","100","Completed in implementation; see docs/implementation/KT_B4_Development_Status.md and related implementation/UAT docs."
"B4-T002","Create KT_DocumentTemplate__c Object","Completed","100","Completed in implementation; see docs/implementation/KT_B4_Development_Status.md and related implementation/UAT docs."
"B4-T003","Create KT_DocumentVault__c Object","Completed","100","Completed in implementation; see docs/implementation/KT_B4_Development_Status.md and related implementation/UAT docs."
"B4-T004","Create KT_Signature_Request__c, KT_Signer__c, KT_Signature_Audit__c Objects","Completed","100","Completed in implementation; see docs/implementation/KT_B4_Development_Status.md and related implementation/UAT docs."
"B4-T005","Create KT_OCR_Job__c and KT_Bulk_Document_Job__c Objects","Completed","100","Completed in implementation; see docs/implementation/KT_B4_Development_Status.md and related implementation/UAT docs."
"B4-T006","Create Custom Metadata Types — B4 Config","Completed","100","Completed in implementation; see docs/implementation/KT_B4_Development_Status.md and related implementation/UAT docs."
"B4-T007","Configure Named Credentials — B4 Integrations","Partially Complete","70","Metadata/runbook present and DocuSign configured. AWS Textract, Azure OCR, Virus Scan, and Adobe Sign secrets/endpoints still require subscriber setup."
"B4-T008","Build KT_DocumentGeneratorService.cls","Completed","100","Completed in implementation; see docs/implementation/KT_B4_Development_Status.md and related implementation/UAT docs."
"B4-T009","Build KT_DocumentTemplateService.cls","Completed","100","Completed in implementation; see docs/implementation/KT_B4_Development_Status.md and related implementation/UAT docs."
"B4-T010","Build KT_DocumentChecklistService.cls","Completed","100","Completed in implementation; see docs/implementation/KT_B4_Development_Status.md and related implementation/UAT docs."
"B4-T011","Build ktDocumentPreview LWC","Completed","100","Completed in implementation; see docs/implementation/KT_B4_Development_Status.md and related implementation/UAT docs."
"B4-T012","Build ktDocumentRequestList LWC","Completed","100","Completed in implementation; see docs/implementation/KT_B4_Development_Status.md and related implementation/UAT docs."
"B4-T013","Build ktDocumentUpload LWC","Completed","100","Completed in implementation; see docs/implementation/KT_B4_Development_Status.md and related implementation/UAT docs."
"B4-T014","Build KT_VirusScanService.cls","Completed","100","Completed in implementation; see docs/implementation/KT_B4_Development_Status.md and related implementation/UAT docs."
"B4-T015","Build ktDocumentVault LWC","Completed","100","Completed in implementation; see docs/implementation/KT_B4_Development_Status.md and related implementation/UAT docs."
"B4-T016","Build ktDocumentVaultPortal LWC (Onboardee Portal — B7)","Completed","100","Completed in implementation; see docs/implementation/KT_B4_Development_Status.md and related implementation/UAT docs."
"B4-T017","Build KT_ESignatureOrchestrator.cls","Completed","100","Completed in implementation; see docs/implementation/KT_B4_Development_Status.md and related implementation/UAT docs."
"B4-T018","Build KT_ESignatureService.cls — Audit & Legal Data Capture","Completed","100","Completed in implementation; see docs/implementation/KT_B4_Development_Status.md and related implementation/UAT docs."
"B4-T019","Build ktSignaturePad LWC — KT Sign Native","Completed","100","Completed in implementation; see docs/implementation/KT_B4_Development_Status.md and related implementation/UAT docs."
"B4-T020","Build ktESignatureConfig LWC + Screen Flow","Completed","100","Completed in implementation; see docs/implementation/KT_B4_Development_Status.md and related implementation/UAT docs."
"B4-T021","Build Document Generation Wizard Screen Flow (5 screens)","Completed","100","Completed in implementation; see docs/implementation/KT_B4_Development_Status.md and related implementation/UAT docs."
"B4-T022","Build KT_Document_Request_Flow — Record-Triggered Flow","Completed","100","Completed in implementation; see docs/implementation/KT_B4_Development_Status.md and related implementation/UAT docs."
"B4-T023","Build Document Vault Access Control — WITH SHARING + Sharing Rules","Completed","100","Completed in implementation; see docs/implementation/KT_B4_Development_Status.md and related implementation/UAT docs."
"B4-T024","Build Salesforce Scheduled Flows — Expiry, Reminder, Status","Completed","100","Completed in implementation; see docs/implementation/KT_B4_Development_Status.md and related implementation/UAT docs."
"B4-T025","Build KT_DocumentVault_StatusSync Record-Triggered Flow","Completed","100","Completed in implementation; see docs/implementation/KT_B4_Development_Status.md and related implementation/UAT docs."
"B4-T026","Publish Platform Events — B4 Event Catalog","Completed","100","Completed in implementation; see docs/implementation/KT_B4_Development_Status.md and related implementation/UAT docs."
"B4-T027","Build Bulk Document Send — KT_BulkDocumentBatch.cls + Queueable","Completed","100","Completed in implementation; see docs/implementation/KT_B4_Development_Status.md and related implementation/UAT docs."
"B4-T028","Build ktBulkDocumentMonitor LWC + Bulk Send Wizard Screen Flow","Completed","100","Completed in implementation; see docs/implementation/KT_B4_Development_Status.md and related implementation/UAT docs."
"B4-T029","Sprint 4 Apex Unit Tests — Min 85% Coverage","Completed","100","Completed in implementation; see docs/implementation/KT_B4_Development_Status.md and related implementation/UAT docs."
"B4-T030","Sprint 4 UAT — Document Generation, E-Signature, Vault","Completed","100","Completed in implementation; see docs/implementation/KT_B4_Development_Status.md and related implementation/UAT docs."
"B4-T031","Configure KT_OCR_Provider_Config__mdt + KT_OCR_FieldMapping__mdt Records","Completed","100","Completed in implementation; see docs/implementation/KT_B4_Development_Status.md and related implementation/UAT docs."
"B4-T032","Build KT_OcrIngestionService.cls","Completed","100","Completed in implementation; see docs/implementation/KT_B4_Development_Status.md and related implementation/UAT docs."
"B4-T033","Build KT_OcrPollingBatch.cls (Queueable — Async Polling)","Completed","100","Completed in implementation; see docs/implementation/KT_B4_Development_Status.md and related implementation/UAT docs."
"B4-T034","Build KT_OcrCallbackHandler.cls — Apex REST @RestResource","Completed","100","Completed in implementation; see docs/implementation/KT_B4_Development_Status.md and related implementation/UAT docs."
"B4-T035","Build ktOCRReview LWC — HR Review Interface","Completed","100","Completed in implementation; see docs/implementation/KT_B4_Development_Status.md and related implementation/UAT docs."
"B4-T036","Build Platform Event Triggered Flow — OCR Upload Pipeline","Completed","100","Completed in implementation; see docs/implementation/KT_B4_Development_Status.md and related implementation/UAT docs."
"B4-T037","Configure Agentforce KT HR Copilot — B4 OCR + Document Actions","Completed","100","Completed in implementation; see docs/implementation/KT_B4_Development_Status.md and related implementation/UAT docs."
"B4-T038","Configure Agentforce KT Compliance Auditor — B4 Document Actions","Completed","100","Completed in implementation; see docs/implementation/KT_B4_Development_Status.md and related implementation/UAT docs."
"B4-T039","Build CLM Status Workflow — KT_DocumentVault__c Contract Lifecycle","Completed","100","Completed in implementation; see docs/implementation/KT_B4_Development_Status.md and related implementation/UAT docs."
"B4-T040","Build Audit-Ready Document Export — Certified PDF Generation","Completed","100","Completed in implementation; see docs/implementation/KT_B4_Development_Status.md and related implementation/UAT docs."
"B4-T041","Build KT_DocuSignEnvelopeService.cls — Full DocuSign Connector","Completed","100","Completed in implementation; see docs/implementation/KT_B4_Development_Status.md and related implementation/UAT docs."
"B4-T042","Build KT_DocuSignWebhookHandler.cls — Apex REST Inbound","Completed","100","Completed in implementation; see docs/implementation/KT_B4_Development_Status.md and related implementation/UAT docs."
"B4-T043","Build KT_AdobeSignService.cls — Adobe Sign Connector","Paused","80","Adobe Sign service code and tests are complete. Live Adobe provider setup is paused because DocuSign is the selected demo provider."
"B4-T044","Build KT_AdobeSignWebhookHandler.cls — Apex REST Inbound","Paused","80","Adobe Sign webhook code and tests are complete. Live Adobe webhook/provider setup is paused unless Adobe Sign is selected."
"B4-T045","Configure Shield Platform Encryption — B4 PII Fields","Completed","100","Completed in implementation; see docs/implementation/KT_B4_Development_Status.md and related implementation/UAT docs."
"B4-T046","Configure Field Audit Trail — 10-Year Retention","Completed","100","Completed in implementation; see docs/implementation/KT_B4_Development_Status.md and related implementation/UAT docs."
"B4-T047","Populate Template Library — 200+ KT_DocumentTemplate__c Records","Completed","100","Completed in implementation; see docs/implementation/KT_B4_Development_Status.md and related implementation/UAT docs."
"B4-T048","Sprint 6 Apex Unit Tests — OCR, DocuSign, Adobe Sign","Completed","100","Completed in implementation; see docs/implementation/KT_B4_Development_Status.md and related implementation/UAT docs."
"B4-T049","Sprint 6 UAT — OCR, CLM, DocuSign, Adobe Sign","Completed","100","Completed in implementation; see docs/implementation/KT_B4_Development_Status.md and related implementation/UAT docs."
"B4-T050","Build kt_request_document MCP Tool","Completed","100","Completed in implementation; see docs/implementation/KT_B4_Development_Status.md and related implementation/UAT docs."
"B4-T051","Build kt_verify_document MCP Tool","Needs Review","50","Tracker asks for kt_verify_document. Implemented MCP tool is kt_upload_document instead; verify tool scope needs product decision or rename."
"B4-T052","Build kt_get_document_vault MCP Tool","Completed","100","Completed in implementation; see docs/implementation/KT_B4_Development_Status.md and related implementation/UAT docs."
"B4-T053","Build kt_dispatch_signing MCP Tool","Completed","100","Completed in implementation; see docs/implementation/KT_B4_Development_Status.md and related implementation/UAT docs."
"B4-T054","Sprint 7 MCP Tool Testing + UAT","Partially Complete","80","MCP request/get/dispatch/upload flows implemented. Sprint 7 UAT is pending tracker alignment for kt_verify_document vs kt_upload_document."
"B4-T055","Build KT_AXLDocPayloadBuilder.cls","Completed","100","Completed in implementation; see docs/implementation/KT_B4_Development_Status.md and related implementation/UAT docs."
"B4-T056","Build AXL Document Signature Card — Slack/Teams","Completed","100","Completed in implementation; see docs/implementation/KT_B4_Development_Status.md and related implementation/UAT docs."
"B4-T057","Trusted Agent Identity — High-Value Signature Authorization","Completed","100","Completed in implementation; see docs/implementation/KT_B4_Development_Status.md and related implementation/UAT docs."
"B4-T058","Upgrade DocuSign Connector to AgentExchange MCP Tool (Sprint 8)","Deferred","0","Optional AgentExchange DocuSign connector upgrade deferred; package/connector access and tenant setup are not available. Custom DocuSign Named Credential integration remains active."
"B4-T059","Sprint 8 AXL + Trusted Identity UAT","Completed","100","Completed in implementation; see docs/implementation/KT_B4_Development_Status.md and related implementation/UAT docs."
"B4-T060","Full B4 Regression Test Suite + AppExchange Security Review Prep","Completed","100","Completed in implementation; see docs/implementation/KT_B4_Development_Status.md and related implementation/UAT docs."
